Date,Quantity,Like ,Cmt,Share,weather,BA,PI,CS,PQ,PP,AC,PC
01/04/2022,  104.135 ,0,0,0,1,2.00,4.33,4.00,4.00,3.33,4.33,3.67
02/04/2022,  142.706 ,0,0,0,1,1.50,2.33,3.00,2.67,1.33,2.67,2.00
03/04/2022,  143.636 ,0,0,0,1,1.50,1.00,3.00,1.67,2.33,3.00,2.33
04/04/2022,  139.993 ,0,0,0,1,2.00,2.33,4.33,4.33,2.33,5.00,3.67
05/04/2022,  146.361 ,0,0,0,1,3.00,3.67,3.00,3.00,3.00,5.00,5.00
06/04/2022,  158.436 ,0,0,0,1,2.00,3.00,3.00,4.33,4.00,4.00,5.00
07/04/2022,  152.440 ,0,0,0,1,2.50,3.33,4.00,4.00,4.00,3.67,3.67
08/04/2022,  154.426 ,0,0,0,1,2.50,4.00,4.00,4.00,3.67,3.67,3.33
09/04/2022,  117.160 ,0,0,0,1,2.00,1.67,3.00,3.67,3.67,3.67,2.00
10/04/2022,  124.760 ,0,0,0,1,1.50,2.67,3.00,3.67,1.33,4.00,3.00
11/04/2022,  99.495 ,0,0,0,1,2.00,4.00,4.33,4.33,2.00,4.67,3.00
12/04/2022,  130.808 ,0,0,0,1,2.50,3.67,4.00,4.67,3.00,5.00,3.00
13/04/2022,  90.500 ,0,0,0,1,3.00,4.00,4.33,4.33,4.67,5.00,4.00
14/04/2022,  96.889 ,0,0,0,1,2.50,4.67,4.67,4.33,3.00,4.67,2.00
15/04/2022,  113.745 ,0,0,0,1,2.50,2.67,4.00,3.00,3.00,4.00,3.33
16/04/2022,  110.131 ,0,0,0,1,2.00,4.00,4.33,2.33,5.00,5.00,4.00
17/04/2022,  83.859 ,0,0,0,1,2.50,3.00,3.33,3.00,3.00,3.00,3.00
18/04/2022,  110.561 ,96,9,3,1,2.00,3.67,3.33,3.33,2.67,5.00,3.00
19/04/2022,  111.931 ,531,46,5,1,2.00,3.67,3.33,3.67,2.67,4.00,3.67
20/04/2022,  102.216 ,531,46,5,1,3.00,3.67,4.67,4.33,4.67,4.67,4.00
21/04/2022,  122.937 ,531,46,5,0,2.00,1.67,3.00,3.33,2.33,3.67,2.00
22/04/2022,  119.180 ,531,46,5,0,2.50,2.67,3.67,4.67,2.33,4.67,4.33
23/04/2022,  135.011 ,531,46,5,1,2.50,3.67,4.33,4.33,4.00,4.67,4.00
24/04/2022,  110.587 ,531,46,5,1,2.50,3.67,4.00,4.00,3.67,4.67,4.00
25/04/2022,  101.910 ,531,46,5,1,2.50,2.67,3.00,4.00,3.00,4.00,4.00
26/04/2022,  102.955 ,531,46,5,1,2.50,3.67,4.00,3.33,3.00,4.00,4.00
27/04/2022,  98.042 ,531,46,5,1,1.00,1.00,1.33,2.00,1.00,4.33,1.00
28/04/2022,  88.714 ,2231,1846,134,0,2.50,4.00,4.33,4.33,2.33,4.00,4.00
29/04/2022,  158.862 ,1700,1800,129,1,1.50,1.00,2.00,3.33,3.67,4.33,1.33
30/04/2022,  192.312 ,0,0,0,1,2.50,3.67,3.33,3.67,3.67,3.33,3.67
01/05/2022,  168.060 ,0,0,0,1,2.00,3.00,3.33,3.00,2.67,4.00,1.00
02/05/2022,  125.624 ,0,0,0,1,2.50,3.33,3.33,3.67,4.00,3.67,1.67
03/05/2022,  127.289 ,0,0,0,1,2.00,3.33,3.33,3.67,3.67,3.67,3.67
04/05/2022,  141.471 ,0,0,0,1,2.50,3.67,4.00,5.00,2.67,5.00,4.67
05/05/2022,  90.390 ,0,0,0,1,2.00,3.33,4.00,4.00,3.67,5.00,3.00
06/05/2022,  146.115 ,0,0,0,1,2.00,2.33,3.00,3.00,3.00,3.00,3.00
07/05/2022,  122.411 ,0,0,0,0,1.50,1.67,3.00,1.67,2.33,4.67,3.00
08/05/2022,  123.296 ,0,0,0,1,1.50,2.67,2.67,3.67,2.00,3.67,3.33
09/05/2022,  130.676 ,0,0,0,1,2.00,2.67,4.00,3.67,1.67,5.00,5.00
10/05/2022,  133.053 ,0,0,0,1,2.00,3.00,4.00,4.00,4.00,4.67,3.33
11/05/2022,  121.813 ,0,0,0,1,2.00,4.33,3.67,4.67,3.67,4.33,5.00
12/05/2022,  111.248 ,0,0,0,1,1.50,2.00,3.00,3.33,2.67,5.00,4.33
13/05/2022,  142.892 ,0,0,0,1,2.00,3.33,3.67,3.00,2.33,3.33,3.33
14/05/2022,  106.204 ,0,0,0,1,1.50,1.00,1.00,1.67,1.67,2.00,1.67
15/05/2022,  123.776 ,0,0,0,1,1.00,1.00,2.33,2.67,3.00,4.00,3.33
16/05/2022,  115.297 ,0,0,0,1,1.00,2.00,2.00,1.33,2.33,3.33,1.00
17/05/2022,  93.795 ,0,0,0,1,2.50,2.00,3.67,3.00,3.33,3.67,3.33
18/05/2022,  107.299 ,0,0,0,1,2.00,3.67,3.67,4.00,3.67,4.33,3.67
19/05/2022,  148.153 ,0,0,0,1,2.50,1.67,3.00,3.00,3.00,4.00,3.00
20/05/2022,  150.012 ,0,0,0,1,2.50,1.00,2.67,2.00,1.33,3.67,2.00
21/05/2022,  99.586 ,0,0,0,1,1.00,4.00,4.33,3.33,2.67,5.00,5.00
22/05/2022,  92.949 ,0,0,0,1,2.50,3.67,5.00,4.33,3.67,5.00,2.67
23/05/2022,  108.998 ,0,0,0,1,3.00,4.33,4.33,5.00,3.33,4.00,3.33
24/05/2022,  161.316 ,0,0,0,1,1.50,1.67,1.67,2.67,1.67,4.33,2.00
25/05/2022,  166.340 ,232,54,12,1,1.50,2.67,3.67,3.67,3.67,4.00,1.33
26/05/2022,  94.782 ,232,54,12,1,3.00,4.33,4.00,4.67,4.00,4.67,5.00
27/05/2022,  153.359 ,232,54,12,1,2.00,3.67,4.00,3.33,3.00,3.67,3.33
28/05/2022,  107.113 ,232,54,12,1,2.50,2.67,4.00,4.67,2.33,4.33,3.67
29/05/2022,  124.935 ,232,54,12,1,1.50,3.00,4.33,2.67,3.00,4.67,4.67
30/05/2022,  114.796 ,232,54,12,1,2.50,3.33,3.67,4.67,3.67,4.00,4.67
31/05/2022,  172.439 ,232,54,12,1,1.50,2.33,2.00,3.67,2.33,2.67,2.33
01/06/2022,  204.062 ,0,0,0,1,2.00,2.33,3.67,3.00,2.67,5.00,5.00
02/06/2022,  165.704 ,0,0,0,1,2.50,3.33,3.67,3.67,3.33,4.67,5.00
03/06/2022,  165.212 ,0,0,0,1,1.50,1.67,2.00,3.00,1.00,5.00,5.00
04/06/2022,  171.444 ,0,0,0,1,1.50,2.67,2.33,3.00,2.33,4.00,3.67
05/06/2022,  156.336 ,0,0,0,1,1.00,1.00,1.00,3.00,3.00,3.67,1.00
06/06/2022,  147.754 ,0,0,0,1,2.00,2.00,3.00,3.33,2.33,4.00,3.00
07/06/2022,  184.482 ,0,0,0,1,2.50,4.33,4.33,4.67,3.00,4.33,3.67
08/06/2022,  188.675 ,0,0,0,1,3.00,4.33,4.33,4.67,3.67,4.33,4.00
09/06/2022,  185.162 ,0,0,0,1,2.00,3.00,4.00,3.67,4.67,3.33,4.33
10/06/2022,  190.154 ,0,0,0,1,3.00,3.67,4.33,4.33,3.00,4.33,4.00
11/06/2022,  198.596 ,0,0,0,1,3.00,3.33,4.33,4.67,2.67,4.33,4.33
12/06/2022,  153.796 ,0,0,0,1,3.00,4.67,4.67,4.33,3.67,4.67,4.00
13/06/2022,  181.511 ,0,0,0,1,3.00,3.33,4.67,4.67,3.33,4.67,4.00
14/06/2022,  163.241 ,0,0,0,1,2.50,3.67,4.67,4.33,3.67,4.67,4.00
15/06/2022,  188.668 ,0,0,0,1,2.00,2.33,4.33,2.33,4.00,2.33,2.00
16/06/2022,  205.881 ,0,0,0,1,1.00,2.67,2.33,4.00,1.67,4.00,4.00
17/06/2022,  139.818 ,406,155,53,1,2.50,4.00,5.00,3.00,2.00,1.67,3.00
18/06/2022,  138.248 ,406,155,53,1,1.00,2.33,3.33,2.00,2.33,2.33,1.67
19/06/2022,  176.727 ,406,155,53,1,2.00,4.33,2.67,4.00,4.67,1.67,4.67
20/06/2022,  158.997 ,0,0,0,1,1.00,2.00,2.00,4.33,1.00,1.33,5.00
21/06/2022,  165.385 ,0,0,0,1,1.50,2.33,2.00,3.33,2.00,4.00,2.67
22/06/2022,  188.707 ,0,0,0,1,2.00,4.33,2.67,4.67,3.00,2.33,3.00
23/06/2022,  161.347 ,0,0,0,1,1.00,2.00,4.00,1.00,2.33,1.67,2.33
24/06/2022,  145.660 ,121,10,4,1,2.00,2.33,4.67,1.33,2.33,2.00,2.33
25/06/2022,  146.467 ,0,0,0,1,1.00,1.33,2.67,1.33,1.33,1.67,2.00
26/06/2022,  162.938 ,0,0,0,1,2.00,2.00,1.33,3.33,2.00,4.33,3.67
27/06/2022,  132.185 ,0,0,0,1,2.00,2.00,4.33,2.33,2.00,5.00,1.67
28/06/2022,  160.252 ,0,0,0,1,2.50,4.00,4.00,1.33,3.00,3.33,4.33
29/06/2022,  198.439 ,0,0,0,1,2.50,4.33,4.00,2.67,2.33,1.33,2.33
30/06/2022,  165.313 ,0,0,0,1,1.50,1.67,2.67,3.00,4.33,4.33,1.67
01/07/2022,  178.414 ,0,0,0,1,1.00,2.33,2.67,1.33,4.33,3.67,2.33
02/07/2022,  159.839 ,0,0,0,1,2.00,4.67,1.67,1.33,4.00,1.00,2.33
03/07/2022,  145.511 ,0,0,0,1,1.50,2.33,1.67,1.67,2.67,1.33,2.00
04/07/2022,  149.839 ,0,0,0,1,2.00,4.67,4.67,3.00,2.67,1.33,2.67
05/07/2022,  143.458 ,0,0,0,1,1.50,1.67,3.67,4.00,1.67,4.67,2.33
06/07/2022,  131.000 ,0,0,0,1,3.00,1.67,2.67,4.33,2.33,2.67,3.67
07/07/2022,  151.065 ,0,0,0,1,2.50,4.00,2.00,2.00,2.00,1.33,3.67
08/07/2022,  110.211 ,0,0,0,1,1.00,1.33,1.33,3.00,1.67,2.67,4.67
09/07/2022,  123.408 ,0,0,0,1,2.00,2.67,2.33,1.00,3.33,2.00,2.33
10/07/2022,  162.214 ,0,0,0,1,1.00,2.67,2.67,2.33,2.00,1.00,1.67
11/07/2022,  125.508 ,0,0,0,1,3.00,1.33,4.00,1.33,3.33,4.33,1.33
12/07/2022,  120.278 ,0,0,0,1,2.50,2.00,4.67,4.00,4.67,2.33,4.33
13/07/2022,  152.014 ,0,0,0,1,1.00,2.00,3.67,1.33,4.33,2.67,2.33
14/07/2022,  134.841 ,0,0,0,1,2.50,3.67,2.00,4.67,1.67,2.00,2.00
15/07/2022,  102.881 ,0,0,0,1,2.00,3.33,3.33,5.00,2.33,1.67,1.67
16/07/2022,  105.658 ,0,0,0,1,3.00,1.67,2.00,4.33,3.67,4.33,2.33
17/07/2022,  114.691 ,0,0,0,1,2.00,2.67,1.33,2.67,2.33,2.67,2.33
18/07/2022,  142.458 ,0,0,0,1,1.50,1.33,5.00,2.33,3.00,4.67,2.00
19/07/2022,  103.758 ,0,0,0,1,1.50,4.67,2.00,2.67,4.67,2.00,4.33
20/07/2022,  168.117 ,0,0,0,1,2.50,1.33,1.00,1.00,2.67,2.00,4.33
21/07/2022,  144.188 ,0,0,0,1,2.50,1.67,2.33,4.67,3.00,1.33,3.00
22/07/2022,  131.050 ,0,0,0,1,2.50,3.00,2.67,2.67,4.33,1.00,2.00
23/07/2022,  125.847 ,0,0,0,1,2.00,2.33,2.67,2.67,3.33,5.00,5.00
24/07/2022,  169.580 ,0,0,0,1,3.00,1.33,3.33,3.33,2.67,4.00,3.00
25/07/2022,  138.987 ,0,0,0,1,2.50,2.33,2.00,4.33,4.00,2.67,2.67
26/07/2022,  137.579 ,0,0,0,1,2.50,3.67,4.00,2.67,2.33,4.00,3.33
27/07/2022,  115.087 ,0,0,0,1,2.00,4.00,3.00,3.00,3.33,2.67,4.00
28/07/2022,  146.153 ,0,0,0,1,2.00,4.33,4.33,4.33,4.33,3.33,3.33
29/07/2022,  175.192 ,0,0,0,1,2.00,4.67,4.00,4.67,4.33,4.67,4.33
30/07/2022,  134.039 ,0,0,0,1,3.00,3.00,4.00,2.33,3.00,2.67,4.67
31/07/2022,  154.130 ,0,0,0,1,2.00,3.33,4.00,4.00,3.67,2.67,4.33
01/08/2022,  160.362 ,0,0,0,1,3.00,2.33,4.33,4.33,3.00,3.00,2.33
02/08/2022,  181.523 ,0,0,0,1,3.00,3.33,3.33,4.67,3.00,3.00,3.00
03/08/2022,  165.420 ,0,0,0,1,3.00,2.67,2.33,5.00,4.00,5.00,4.67
04/08/2022,  184.067 ,0,0,0,1,2.00,2.00,4.67,2.00,2.67,3.00,4.33
05/08/2022,  198.277 ,0,0,0,1,3.00,5.00,4.67,3.67,3.67,1.67,3.00
06/08/2022,  187.222 ,0,0,0,1,2.00,4.00,5.00,4.33,2.33,4.67,4.33
07/08/2022,  176.207 ,0,0,0,1,2.00,4.67,4.00,3.33,3.67,3.00,2.00
08/08/2022,  187.001 ,0,0,0,1,2.50,2.00,2.33,2.33,2.33,4.33,1.67
09/08/2022,  179.038 ,0,0,0,1,2.00,2.33,2.33,3.00,2.67,4.33,2.33
10/08/2022,  123.920 ,0,0,0,1,3.00,4.33,4.33,2.33,4.00,2.33,3.67
11/08/2022,  171.995 ,0,0,0,1,3.00,4.33,4.33,2.67,4.67,2.33,4.33
12/08/2022,  155.768 ,0,0,0,1,2.50,5.00,4.00,4.00,5.00,4.33,4.67
13/08/2022,  150.640 ,0,0,0,1,3.00,3.33,2.00,4.33,2.00,4.33,4.33
14/08/2022,  156.958 ,0,0,0,1,2.50,4.33,2.67,4.00,2.67,2.00,1.67
15/08/2022,  173.465 ,0,0,0,1,2.00,3.67,2.00,3.00,4.00,3.00,3.00
16/08/2022,  150.903 ,0,0,0,1,2.50,4.33,2.33,2.33,2.67,2.00,4.33
17/08/2022,  177.276 ,0,0,0,1,2.00,2.33,4.33,2.67,4.33,4.67,2.00
18/08/2022,  138.172 ,0,0,0,1,2.50,4.00,2.67,4.67,3.00,2.00,3.00
19/08/2022,  151.078 ,0,0,0,1,2.00,4.00,3.33,3.67,1.67,2.00,2.33
20/08/2022,  159.704 ,0,0,0,1,2.50,4.33,4.67,4.67,3.00,4.67,3.00
21/08/2022,  199.943 ,0,0,0,1,3.00,4.33,4.33,3.00,3.67,3.33,2.67
22/08/2022,  148.815 ,58,11,3,1,3.00,2.33,2.33,3.67,4.33,4.33,4.33
23/08/2022,  175.468 ,58,11,3,1,2.00,3.00,3.00,3.00,3.33,2.33,2.67
24/08/2022,  170.680 ,58,11,3,1,3.00,4.00,2.67,2.00,3.67,4.33,2.33
25/08/2022,  196.702 ,58,11,3,1,3.00,3.00,2.33,2.00,3.00,3.33,2.33
26/08/2022,  147.617 ,58,11,3,1,3.00,4.00,4.33,2.33,3.00,2.33,5.00
27/08/2022,  193.325 ,0,0,0,1,2.00,3.33,2.67,2.00,3.00,4.00,3.33
28/08/2022,  185.495 ,0,0,0,1,2.00,3.00,4.00,3.67,4.33,4.33,4.33
29/08/2022,  192.276 ,0,0,0,1,3.00,4.00,4.67,2.00,4.00,3.33,4.00
30/08/2022,  191.941 ,0,0,0,1,2.00,2.67,4.00,4.00,4.33,2.33,4.67
31/08/2022,  182.854 ,0,0,0,1,3.00,4.00,2.67,3.33,2.33,4.00,4.67
01/09/2022,  185.059 ,0,0,0,1,2.00,2.67,2.67,2.33,2.33,4.67,1.67
02/09/2022,  206.574 ,0,0,0,1,02.06,1.29,1.87,3.30,2.89,3.24,4.12
03/09/2022,  175.318 ,0,0,0,1,02.06,4.83,4.43,3.13,3.81,2.34,2.33
04/09/2022,  177.994 ,0,0,0,1,1.87,4.35,1.74,2.17,2.66,04.06,2.71
05/09/2022,  156.684 ,0,0,0,1,2.11,4.70,1.94,2.83,2.91,4.12,5.17
06/09/2022,  163.456 ,0,0,0,1,1.68,2.47,2.99,3.62,5.45,3.00,3.39
07/09/2022,  170.692 ,0,0,0,1,1.47,4.56,3.77,2.87,2.87,6.31,1.84
08/09/2022,  160.309 ,0,0,0,1,2.44,4.88,2.79,3.52,1.82,4.83,2.50
09/09/2022,  162.124 ,0,0,0,1,1.91,4.44,3.88,5.17,3.45,2.69,2.70
10/09/2022,  152.215 ,0,0,0,1,1.60,4.48,4.14,1.40,3.22,3.40,2.96
11/09/2022,  173.132 ,0,0,0,1,0.86,3.21,4.68,4.71,3.39,4.12,2.23
12/09/2022,  188.558 ,0,0,0,1,1.23,4.90,4.83,2.32,3.30,2.98,2.87
13/09/2022,  192.126 ,0,0,0,1,2.99,3.67,2.89,2.81,2.51,3.87,5.80
14/09/2022,  151.934 ,0,0,0,1,1.94,4.25,04.08,5.55,2.99,3.88,3.18
15/09/2022,  186.834 ,0,0,0,1,2.11,4.36,2.30,3.20,3.99,3.37,2.55
16/09/2022,  188.760 ,0,0,0,1,1.84,1.70,4.14,2.23,4.47,4.65,2.73
17/09/2022,  167.209 ,0,0,0,1,2.11,4.69,3.53,1.77,03.09,3.58,04.07
18/09/2022,  141.475 ,0,0,0,1,1.19,1.73,3.87,3.64,03.05,05.08,3.64
19/09/2022,  177.359 ,0,0,0,1,2.68,01.07,5.85,3.29,3.11,1.35,4.74
20/09/2022,  142.190 ,0,0,0,1,2.34,03.02,3.97,4.45,3.28,2.95,4.68
21/09/2022,  152.656 ,6200,637,51,1,3.96,1.47,2.30,03.04,04.08,4.51,3.98
22/09/2022,  150.074 ,0,0,0,1,2.54,1.51,02.05,1.81,3.65,4.56,2.20
23/09/2022,  143.896 ,0,0,0,1,1.86,02.04,2.69,2.51,2.79,0.69,1.88
24/09/2022,  150.694 ,0,0,0,1,2.84,1.31,03.02,4.14,03.05,3.75,1.62
25/09/2022,  153.685 ,0,0,0,1,2.30,1.64,3.37,3.22,3.36,03.07,4.15
26/09/2022,  186.304 ,0,0,0,1,2.62,1.27,03.06,1.66,4.27,4.94,3.77
27/09/2022,  172.266 ,0,0,0,1,1.45,4.35,3.37,3.22,02.06,3.96,3.95
28/09/2022,  173.417 ,0,0,0,1,2.73,2.73,2.32,4.17,3.74,2.77,3.33
29/09/2022,  165.507 ,0,0,0,1,2.99,2.63,3.66,3.36,4.50,2.95,04.09
30/09/2022,  158.751 ,0,0,0,1,1.24,4.93,4.54,1.57,3.80,3.79,03.02
01/10/2022,  138.743 ,0,0,0,1,2.34,2.70,2.84,3.65,4.44,02.04,3.40
02/10/2022,  132.436 ,0,0,0,1,2.12,4.97,3.50,2.94,2.73,3.82,3.40
03/10/2022,  138.396 ,0,0,0,1,1.79,4.25,2.13,4.49,3.54,3.91,4.71
04/10/2022,  158.084 ,0,0,0,1,01.08,4.82,4.14,3.28,0.22,2.95,1.32
05/10/2022,  125.234 ,0,0,0,1,1.95,2.79,1.24,3.31,3.51,4.47,0.69
06/10/2022,  110.848 ,0,0,0,1,2.85,4.27,3.75,3.52,2.43,5.90,3.92
07/10/2022,  171.010 ,0,0,0,1,02.03,3.91,5.20,3.68,4.45,3.82,2.62
08/10/2022,  98.457 ,0,0,0,1,1.95,4.34,04.02,4.99,2.98,3.72,2.83
09/10/2022,  105.891 ,0,0,0,1,3.59,03.04,2.61,3.88,03.08,03.03,2.00
10/10/2022,  103.566 ,0,0,0,1,1.90,3.53,04.08,3.79,3.96,4.28,2.62
11/10/2022,  125.469 ,0,0,0,1,2.19,2.55,3.89,4.91,1.14,02.05,3.46
12/10/2022,  141.340 ,0,0,0,1,3.28,4.61,2.87,2.66,1.87,03.07,04.09
13/10/2022,  118.608 ,0,0,0,1,2.79,1.11,1.94,5.41,2.89,3.13,2.36
14/10/2022,  167.191 ,0,0,0,1,1.72,3.99,3.54,2.43,1.89,6.11,2.89
15/10/2022,  198.494 ,0,0,0,0,2.46,3.91,3.41,3.45,3.57,2.53,2.38
16/10/2022,  124.151 ,0,0,0,1,2.66,4.40,2.56,06.03,2.75,3.45,-0.03
17/10/2022,  198.570 ,0,0,0,1,1.00,01.01,3.55,02.04,3.41,4.74,3.95
18/10/2022,  111.888 ,0,0,0,1,1.49,3.55,3.54,3.47,2.52,2.93,04.05
19/10/2022,  177.784 ,0,0,0,1,3.43,4.39,4.17,3.13,3.00,4.66,3.95
20/10/2022,  139.816 ,655,92,8,1,2.65,1.56,2.96,03.03,2.00,3.35,4.69
21/10/2022,  199.935 ,0,0,0,1,2.58,2.60,4.19,1.93,4.00,4.19,02.07
22/10/2022,  187.213 ,0,0,0,1,3.19,04.01,3.11,3.40,2.39,0.75,2.13
23/10/2022,  179.751 ,0,0,0,1,2.78,4.67,4.68,1.95,0.60,2.66,1.97
24/10/2022,  87.529 ,0,0,0,1,1.91,1.98,0.10,2.48,2.42,2.58,1.99
25/10/2022,  106.439 ,0,0,0,1,1.60,2.70,4.38,3.24,3.37,1.62,4.18
26/10/2022,  160.028 ,0,0,0,1,2.61,3.18,3.87,2.24,3.50,2.54,3.77
27/10/2022,  188.482 ,0,0,0,1,1.60,1.37,3.48,3.31,03.09,4.30,1.21
28/10/2022,  179.607 ,0,0,0,1,1.75,3.88,03.01,3.84,2.50,4.84,06.02
29/10/2022,  141.732 ,0,0,0,1,2.54,3.62,3.95,3.92,3.70,3.11,04.04
30/10/2022,  187.767 ,0,0,0,1,3.21,3.36,4.74,2.39,03.05,3.70,2.65
31/10/2022,  197.469 ,0,0,0,0,2.74,1.12,4.89,4.30,5.25,6.10,3.25
01/11/2022,  168.023 ,0,0,0,1,1.91,2.34,3.16,2.50,4.43,2.79,1.65
02/11/2022,  155.007 ,0,0,0,1,2.79,2.94,2.68,3.18,2.28,2.69,4.24
03/11/2022,  185.075 ,0,0,0,1,1.60,1.53,2.98,4.70,1.52,3.84,2.78
04/11/2022,  164.342 ,0,0,0,1,2.18,4.95,2.25,2.89,3.84,3.74,2.81
05/11/2022,  159.114 ,0,0,0,1,1.14,2.19,2.96,3.42,2.15,1.99,2.67
06/11/2022,  121.180 ,0,0,0,1,1.95,4.90,02.07,03.04,4.58,3.37,1.51
07/11/2022,  185.487 ,0,0,0,1,1.38,2.70,4.86,3.41,0.73,0.95,1.86
08/11/2022,  206.861 ,0,0,0,1,2.73,2.55,2.87,5.78,1.36,4.57,4.31
09/11/2022,  209.444 ,0,0,0,1,1.99,03.01,1.56,3.83,1.57,4.10,3.89
10/11/2022,  156.151 ,8300,854,57,1,2.34,4.74,2.18,3.64,3.70,2.84,2.98
11/11/2022,  144.565 ,0,0,0,1,1.84,1.65,3.28,3.47,1.47,3.26,2.79
12/11/2022,  177.362 ,0,0,0,1,2.55,1.26,3.23,2.78,2.97,2.19,1.87
13/11/2022,  175.086 ,0,0,0,1,2.11,04.09,2.52,4.62,4.00,5.37,1.69
14/11/2022,  158.403 ,0,0,0,1,1.85,2.58,2.96,1.78,2.45,2.32,3.14
15/11/2022,  132.643 ,0,0,0,1,2.10,2.91,3.91,2.33,2.32,3.22,2.25
16/11/2022,  138.356 ,0,0,0,1,2.49,1.72,4.41,03.04,3.49,4.46,2.21
17/11/2022,  192.398 ,0,0,0,1,1.58,4.96,4.56,2.85,3.64,4.60,2.26
18/11/2022,  190.412 ,0,0,0,1,2.49,1.55,2.16,2.95,3.25,3.32,5.21
19/11/2022,  192.972 ,0,0,0,1,2.38,1.68,2.39,4.24,2.74,4.40,3.92
20/11/2022,  139.384 ,0,0,0,1,1.83,3.68,2.43,0.99,04.06,4.37,3.53
21/11/2022,  132.681 ,0,0,0,1,1.88,3.98,06.06,4.53,2.65,2.94,3.76
22/11/2022,  147.216 ,0,0,0,1,2.25,2.26,2.23,2.90,3.65,2.73,2.69
23/11/2022,  165.757 ,0,0,0,1,1.86,3.70,2.69,4.78,4.34,4.50,3.65
24/11/2022,  153.580 ,0,0,0,1,2.19,2.15,1.97,4.66,3.76,5.33,2.32
25/11/2022,  155.699 ,3900,1200,72,1,2.16,3.76,5.66,4.31,3.95,3.85,2.25
26/11/2022,  163.684 ,3900,1200,72,1,1.88,3.35,5.41,3.59,03.07,4.71,3.64
27/11/2022,  181.620 ,3900,1200,72,1,2.18,4.80,2.31,3.15,3.74,4.54,2.78
28/11/2022,  140.259 ,3900,1200,72,1,1.50,1.74,3.91,03.08,1.75,04.05,1.74
29/11/2022,  185.014 ,3900,1200,72,1,3.45,1.93,1.60,4.41,2.14,4.36,2.33
30/11/2022,  204.696 ,3900,1200,72,1,2.12,1.98,2.43,3.10,3.90,2.98,3.40
01/12/2022,  210.301 ,0,0,0,1,1.98,1.28,4.48,4.63,2.86,3.73,2.69
02/12/2022,  175.871 ,0,0,0,1,02.06,2.94,3.33,3.74,1.28,4.75,2.97
03/12/2022,  202.938 ,0,0,0,1,2.35,4.52,2.57,2.95,3.90,2.78,2.83
04/12/2022,  235.332 ,0,0,0,1,1.52,1.41,3.52,1.76,2.11,4.14,2.96
05/12/2022,  193.818 ,0,0,0,1,2.46,1.38,5.38,2.94,2.43,1.89,2.87
06/12/2022,  215.184 ,0,0,0,1,1.60,1.35,3.56,2.39,4.37,4.13,2.35
07/12/2022,  230.610 ,0,0,0,1,02.05,2.84,3.91,4.41,3.34,3.89,4.50
08/12/2022,  189.921 ,0,0,0,1,1.36,3.90,3.24,3.61,4.28,5.35,3.27
09/12/2022,  152.048 ,0,0,0,1,1.83,3.36,04.02,4.16,2.39,5.00,2.90
10/12/2022,  158.217 ,0,0,0,1,2.96,1.27,3.85,2.68,4.73,1.97,3.00
11/12/2022,  186.389 ,0,0,0,0,1.99,3.63,2.86,2.78,03.08,3.98,4.95
12/12/2022,  189.807 ,0,0,0,0,2.68,4.74,5.77,03.04,3.72,3.68,3.81
13/12/2022,  155.025 ,0,0,0,0,2.83,02.03,2.72,3.65,2.28,2.71,4.26
14/12/2022,  191.706 ,0,0,0,0,2.18,3.48,5.47,3.26,3.92,2.49,1.46
15/12/2022,  182.375 ,0,0,0,0,0.98,1.32,3.53,4.15,3.63,1.88,03.05
16/12/2022,  163.571 ,0,0,0,0,1.99,3.58,4.37,3.25,1.79,3.40,4.39
17/12/2022,  194.971 ,146,32,12,1,2.43,2.47,5.16,4.95,3.66,1.12,3.61
18/12/2022,  173.026 ,146,32,12,0,2.20,3.90,1.92,3.48,4.36,1.83,4.10
19/12/2022,  201.658 ,0,0,0,0,1.14,2.61,1.72,1.73,3.78,2.79,03.01
20/12/2022,  161.706 ,0,0,0,0,2.44,1.15,2.23,4.55,3.43,5.46,2.26
21/12/2022,  191.968 ,0,0,0,0,2.46,4.64,5.88,4.66,4.23,4.00,4.26
22/12/2022,  187.409 ,0,0,0,1,1.54,2.45,02.09,2.77,3.93,3.61,4.35
23/12/2022,  176.569 ,0,0,0,0,2.41,1.90,3.46,2.15,2.58,3.74,4.30
24/12/2022,  248.198 ,181,54,9,0,1.76,1.64,3.76,3.59,1.58,1.55,3.87
25/12/2022,  228.176 ,0,0,0,0,2.24,1.23,2.79,3.65,3.24,1.87,2.10
26/12/2022,  209.717 ,0,0,0,0,2.51,4.71,3.91,3.73,3.47,3.91,3.74
27/12/2022,  197.405 ,0,0,0,1,1.68,1.14,4.34,1.43,1.67,3.77,05.02
28/12/2022,  201.046 ,0,0,0,0,02.08,2.66,2.93,1.38,4.80,4.88,03.04
29/12/2022,  193.728 ,0,0,0,0,2.11,1.92,2.22,5.00,03.07,3.48,4.21
30/12/2022,  207.393 ,10000,690,64,1,1.80,4.44,1.93,2.33,2.64,3.24,2.83
31/12/2022,  245.681 ,0,0,0,0,1.20,3.60,03.09,3.21,2.37,4.16,4.21
01/01/2023,  196.389 ,0,0,0,1,2.47,3.21,3.42,3.20,3.33,4.81,2.18
02/01/2023,  169.063 ,0,0,0,1,2.92,4.75,5.45,1.82,2.50,2.38,3.96
03/01/2023,  198.668 ,0,0,0,1,2.33,1.17,3.14,02.05,2.64,04.08,4.41
04/01/2023,  167.423 ,0,0,0,1,1.42,2.83,3.16,3.76,3.62,3.69,3.24
05/01/2023,  167.181 ,0,0,0,1,2.21,3.15,3.88,2.71,1.28,3.64,2.79
06/01/2023,  167.921 ,0,0,0,1,1.49,2.37,4.53,2.80,-0.02,05.02,1.63
07/01/2023,  185.317 ,2300,202,16,1,2.73,4.39,2.86,04.08,1.74,03.02,2.86
08/01/2023,  180.411 ,2300,202,16,1,2.33,2.61,4.53,3.33,3.61,3.21,3.92
09/01/2023,  192.432 ,2300,202,16,1,2.84,2.34,2.56,2.75,4.26,4.84,2.67
10/01/2023,  122.105 ,2300,202,16,1,1.46,04.06,4.21,5.86,04.06,3.80,03.09
11/01/2023,  120.027 ,2300,202,16,1,3.15,1.52,2.91,2.42,3.35,2.27,3.60
12/01/2023,  138.193 ,2300,202,16,0,1.42,4.27,2.66,2.95,03.01,2.73,3.19
13/01/2023,  109.095 ,2300,202,16,1,1.13,1.92,2.60,3.52,3.82,4.13,2.88
14/01/2023,  188.361 ,2300,202,16,1,1.86,2.69,03.07,5.50,4.00,3.45,4.86
15/01/2023,  163.242 ,2300,202,16,1,2.47,4.20,3.89,2.74,2.38,3.00,5.57
16/01/2023,  160.349 ,2300,202,16,1,2.12,2.41,2.67,4.54,3.38,3.59,3.15
17/01/2023,  160.851 ,2300,202,16,0,1.66,4.21,3.77,3.77,3.97,1.47,2.99
18/01/2023,  175.457 ,2300,202,16,0,2.86,1.84,4.39,4.70,2.11,3.70,4.31
19/01/2023,  130.781 ,2300,202,16,0,2.49,1.43,3.51,3.68,3.27,3.42,3.88
20/01/2023,  130.806 ,2300,202,16,0,0.07,2.24,05.04,2.93,1.93,6.29,2.13
21/01/2023,  153.274 ,0,0,0,1,02.04,4.46,1.81,4.89,2.30,4.77,05.01
22/01/2023,  171.411 ,0,0,0,1,3.00,2.97,3.28,2.63,4.41,3.77,5.70
23/01/2023,  172.957 ,0,0,0,1,2.96,2.25,02.05,4.59,2.41,2.39,03.05
24/01/2023,  138.330 ,0,0,0,1,2.21,3.45,3.21,3.15,3.62,2.55,02.06
25/01/2023,  164.724 ,0,0,0,1,1.78,2.90,3.53,3.65,3.21,1.76,4.17
26/01/2023,  166.483 ,0,0,0,0,2.23,4.96,1.24,4.64,4.17,3.19,3.27
27/01/2023,  160.288 ,0,0,0,1,1.78,4.91,3.61,1.75,3.59,04.07,4.65
28/01/2023,  171.607 ,0,0,0,1,1.99,2.57,2.93,1.12,1.56,2.70,3.14
29/01/2023,  167.194 ,0,0,0,0,2.31,4.29,3.79,3.50,1.90,3.94,3.28
30/01/2023,  166.182 ,0,0,0,0,1.61,3.74,2.89,5.54,2.63,4.10,05.07
31/01/2023,  199.506 ,0,0,0,0,2.59,3.61,4.16,2.15,2.38,4.33,4.31
01/02/2023,  177.855 ,0,0,0,0,1.17,1.83,5.23,1.55,3.80,4.35,3.86
02/02/2023,  198.877 ,0,0,0,1,1.80,1.51,5.18,2.72,1.47,5.00,4.43
03/02/2023,  177.742 ,0,0,0,0,02.08,3.88,3.66,3.33,4.43,1.24,02.08
04/02/2023,  170.335 ,0,0,0,0,2.97,4.69,2.74,2.62,3.50,3.54,1.40
05/02/2023,  168.980 ,0,0,0,0,2.98,4.27,3.44,2.71,3.76,2.99,3.52
06/02/2023,  164.927 ,0,0,0,0,1.90,1.48,3.19,3.24,2.34,4.21,5.56
07/02/2023,  149.466 ,0,0,0,0,3.61,2.80,3.49,2.90,2.97,4.41,1.63
08/02/2023,  174.185 ,0,0,0,0,1.82,2.21,04.08,2.24,03.07,4.63,3.38
09/02/2023,  174.088 ,0,0,0,0,2.21,03.06,4.22,1.64,2.17,0.45,2.99
10/02/2023,  155.686 ,0,0,0,0,1.71,4.54,4.57,3.73,3.90,1.91,3.89
11/02/2023,  158.483 ,0,0,0,0,2.57,3.55,2.32,3.89,2.32,4.56,4.57
12/02/2023,  139.066 ,0,0,0,0,1.95,2.22,3.11,3.63,3.21,05.04,4.78
13/02/2023,  142.496 ,0,0,0,0,2.76,01.04,5.12,3.65,03.09,2.60,5.94
14/02/2023,  191.735 ,450,125,10,1,02.07,1.15,05.07,2.58,3.19,3.30,4.42
15/02/2023,  152.938 ,0,0,0,0,1.55,3.73,3.38,3.61,4.22,4.67,2.74
16/02/2023,  146.980 ,0,0,0,0,2.47,1.29,3.57,2.38,03.02,4.31,3.86
17/02/2023,  188.858 ,0,0,0,0,1.49,2.93,2.55,4.00,2.37,2.76,4.26
18/02/2023,  172.207 ,1600,505,95,1,1.86,3.83,3.39,4.33,1.25,5.10,3.37
19/02/2023,  195.487 ,0,0,0,1,1.72,2.36,3.34,4.44,3.20,2.43,3.64
20/02/2023,  158.097 ,0,0,0,0,1.66,2.69,4.87,03.06,3.30,3.11,3.15
21/02/2023,  156.863 ,0,0,0,0,1.90,2.26,02.01,1.59,2.79,3.88,3.15
22/02/2023,  181.043 ,0,0,0,0,2.48,2.44,4.25,2.22,2.76,2.16,3.99
23/02/2023,  172.993 ,0,0,0,0,2.13,2.26,3.57,4.29,3.31,04.05,2.37
24/02/2023,  175.901 ,0,0,0,0,2.62,4.72,4.66,2.74,3.56,3.65,4.65
25/02/2023,  158.028 ,0,0,0,0,2.64,01.07,2.00,2.70,4.37,3.71,2.41
26/02/2023,  167.532 ,0,0,0,0,1.29,4.77,5.46,3.80,1.90,03.09,3.53
27/02/2023,  165.292 ,0,0,0,0,1.64,2.41,3.95,3.58,3.74,4.91,03.06
28/02/2023,  182.061 ,0,0,0,1,1.76,4.74,3.73,2.72,3.21,3.82,2.28
01/03/2023,  152.873 ,0,0,0,0,03.04,4.87,02.01,2.14,3.19,4.40,2.27
02/03/2023,  155.890 ,0,0,0,0,1.54,1.77,2.72,2.51,2.34,2.11,2.20
03/03/2023,  196.183 ,0,0,0,0,1.42,3.62,2.85,2.25,2.72,5.78,04.04
04/03/2023,  164.191 ,0,0,0,0,1.30,3.39,1.70,4.38,4.12,2.38,4.24
05/03/2023,  176.201 ,0,0,0,0,1.67,1.42,2.56,2.38,03.09,1.51,6.26
06/03/2023,  188.134 ,0,0,0,0,1.95,4.23,2.61,2.98,4.10,2.92,3.47
07/03/2023,  180.947 ,0,0,0,0,2.44,4.98,2.39,3.13,2.22,4.74,4.89
08/03/2023,  156.388 ,0,0,0,0,1.58,1.48,3.81,02.05,3.22,04.02,0.49
09/03/2023,  158.627 ,0,0,0,0,2.45,4.14,2.52,04.02,03.04,1.40,1.39
10/03/2023,  179.239 ,0,0,0,0,01.03,1.73,2.97,3.19,1.64,3.27,3.79
11/03/2023,  155.671 ,0,0,0,0,1.90,3.51,1.27,2.85,2.55,1.61,4.38
12/03/2023,  141.864 ,0,0,0,0,03.05,4.33,3.51,2.40,1.81,4.51,4.53
13/03/2023,  154.542 ,0,0,0,0,1.21,4.71,3.49,4.31,2.70,4.37,4.65
14/03/2023,  157.964 ,0,0,0,0,3.30,3.62,3.50,3.37,3.39,2.55,2.73
15/03/2023,  180.378 ,0,0,0,0,1.41,02.08,4.24,2.19,4.50,4.80,4.18
16/03/2023,  166.215 ,0,0,0,0,2.39,1.72,4.76,04.03,3.51,0.73,4.94
17/03/2023,  194.440 ,0,0,0,0,02.06,3.87,3.48,4.51,03.03,1.31,2.35
18/03/2023,  181.839 ,0,0,0,0,1.88,2.00,3.69,3.36,2.23,2.42,3.75
19/03/2023,  185.015 ,0,0,0,0,2.49,2.34,3.41,3.13,2.62,2.49,5.59
20/03/2023,  163.818 ,0,0,0,0,1.87,3.67,2.30,4.63,3.32,03.02,2.84
21/03/2023,  172.754 ,0,0,0,0,1.60,2.88,4.53,4.14,0.16,2.37,4.18
22/03/2023,  171.652 ,0,0,0,0,1.42,1.78,3.10,2.89,4.48,3.29,3.61
23/03/2023,  180.076 ,0,0,0,0,02.04,1.25,3.75,5.00,1.56,1.55,2.71
24/03/2023,  179.323 ,0,0,0,0,1.87,1.49,3.80,4.11,2.76,2.48,4.64
25/03/2023,  184.351 ,12000,1400,175,0,0.76,1.18,3.33,4.41,3.75,5.39,1.78
26/03/2023,  175.693 ,0,0,0,0,1.83,3.73,1.93,4.71,2.93,3.59,3.52
27/03/2023,  167.209 ,0,0,0,0,02.06,2.88,3.46,2.64,2.71,4.47,2.16
28/03/2023,  169.142 ,0,0,0,1,2.88,4.10,3.30,3.99,3.65,3.32,03.04
29/03/2023,  166.565 ,0,0,0,1,1.98,3.73,1.90,2.85,2.82,04.04,3.72
30/03/2023,  192.883 ,0,0,0,0,2.00,2.40,2.49,3.74,4.20,4.54,4.79
31/03/2023,  154.632 ,0,0,0,1,1.73,1.18,2.56,3.24,3.73,1.48,2.40
01/04/2023,  146.575 ,0,0,0,0,3.10,3.77,2.59,4.62,1.66,1.25,4.73
02/04/2023,  130.676 ,0,0,0,0,2.42,4.29,4.44,1.73,04.08,3.31,2.50
03/04/2023,  167.344 ,0,0,0,1,2.26,4.40,2.45,2.54,4.10,2.91,04.02
04/04/2023,  144.958 ,0,0,0,1,02.01,2.67,03.07,2.30,4.19,2.82,2.94
05/04/2023,  132.663 ,0,0,0,1,2.72,3.33,1.46,3.50,2.99,04.08,5.00
06/04/2023,  149.676 ,0,0,0,0,01.07,2.62,04.05,2.74,1.27,4.60,3.62
07/04/2023,  142.062 ,0,0,0,0,2.54,4.62,2.56,3.38,3.72,4.21,3.99
08/04/2023,  167.433 ,0,0,0,0,1.92,4.66,4.52,2.31,2.97,4.50,4.36
09/04/2023,  152.856 ,0,0,0,1,3.12,4.69,1.69,4.56,2.94,3.64,4.58
10/04/2023,  169.863 ,0,0,0,1,2.22,4.33,3.27,2.84,2.15,4.51,2.42
11/04/2023,  152.028 ,0,0,0,1,01.06,1.77,02.06,2.33,03.08,3.78,3.56
12/04/2023,  167.860 ,0,0,0,1,3.14,1.00,1.90,4.13,02.02,2.97,1.90
13/04/2023,  131.357 ,0,0,0,1,1.56,4.44,3.32,06.04,03.09,3.71,03.09
14/04/2023,  154.332 ,0,0,0,1,1.39,4.38,4.00,2.94,2.65,2.15,3.12
15/04/2023,  142.037 ,0,0,0,1,2.53,1.64,01.05,0.50,2.65,3.46,2.21
16/04/2023,  162.236 ,0,0,0,1,1.89,4.56,3.20,3.92,2.62,2.85,2.75
17/04/2023,  132.436 ,0,0,0,1,2.77,02.08,2.22,5.23,1.98,3.22,4.57
18/04/2023,  166.786 ,0,0,0,1,1.82,2.84,3.12,2.62,3.55,2.31,5.37
19/04/2023,  167.550 ,0,0,0,1,3.79,1.37,03.07,2.68,3.24,3.40,1.84
20/04/2023,  134.008 ,0,0,0,1,2.14,02.08,3.58,3.82,4.16,5.97,3.15
21/04/2023,  141.797 ,0,0,0,1,1.15,1.18,3.69,3.23,3.55,5.55,0.49
22/04/2023,  146.935 ,0,0,0,1,1.54,4.30,4.45,0.95,3.21,6.41,2.49
23/04/2023,  165.907 ,0,0,0,0,2.57,4.68,2.24,4.90,3.62,3.17,2.53
24/04/2023,  158.269 ,2700,184,18,0,1.54,2.22,4.73,1.50,3.86,2.86,4.11
25/04/2023,  167.945 ,2700,184,18,0,2.33,2.70,2.50,4.20,2.39,3.70,4.12
26/04/2023,  166.068 ,2700,184,18,0,1.66,1.18,3.12,3.82,3.63,3.31,2.56
27/04/2023,  164.736 ,2700,184,18,1,1.93,3.76,5.20,2.46,2.91,3.48,3.54
28/04/2023,  160.219 ,2700,184,18,1,02.02,4.28,3.45,3.96,3.34,2.79,2.47
29/04/2023,  165.776 ,4200,239,28,0,3.12,2.21,2.45,3.87,2.62,6.31,3.55
30/04/2023,  132.320 ,4200,239,28,1,2.44,3.57,5.21,04.04,2.94,04.07,3.67
01/05/2023,  154.287 ,4200,239,28,0,3.38,4.63,03.02,3.34,2.72,2.56,4.36
02/05/2023,  138.420 ,0,0,0,0,1.45,2.43,2.82,2.15,2.34,3.47,2.70
03/05/2023,  129.150 ,0,0,0,1,2.31,2.25,3.87,3.76,3.54,1.51,03.04
04/05/2023,  133.450 ,0,0,0,0,2.13,1.58,3.36,4.23,2.79,4.56,2.94
05/05/2023,  138.020 ,0,0,0,1,1.93,1.50,3.68,2.72,2.74,3.94,5.55
06/05/2023,  150.753 ,0,0,0,1,02.02,1.70,3.71,3.56,1.97,3.87,3.41
07/05/2023,  163.550 ,0,0,0,0,03.07,2.33,1.54,3.16,03.07,2.79,4.21
08/05/2023,  141.193 ,0,0,0,1,2.74,01.08,3.26,2.28,0.94,3.37,3.65
09/05/2023,  152.983 ,0,0,0,1,1.51,2.11,3.29,3.75,2.62,2.59,5.21
10/05/2023,  152.997 ,0,0,0,1,2.21,3.54,3.70,02.03,2.37,1.50,2.30
11/05/2023,  146.687 ,0,0,0,1,1.98,2.27,3.98,5.12,3.99,3.17,3.39
12/05/2023,  156.877 ,0,0,0,1,1.82,2.84,04.09,5.28,2.60,3.90,04.08
13/05/2023,  152.923 ,7600,128,304,1,1.43,1.58,3.17,2.56,2.17,2.58,4.33
14/05/2023,  133.980 ,7600,128,304,1,2.85,3.11,4.29,3.22,4.11,1.96,4.14
15/05/2023,  143.570 ,0,0,0,1,2.35,3.21,2.11,2.79,4.62,3.79,2.23
16/05/2023,  149.720 ,0,0,0,1,3.46,4.56,04.08,2.56,3.24,3.38,3.96
17/05/2023,  143.330 ,0,0,0,1,1.80,1.93,1.97,3.17,3.44,5.33,5.95
18/05/2023,  161.963 ,0,0,0,1,02.02,1.15,5.14,5.25,1.56,2.42,3.24
19/05/2023,  142.467 ,0,0,0,0,1.68,1.42,3.90,2.34,2.19,2.89,2.64
20/05/2023,  139.123 ,0,0,0,1,1.92,3.95,3.14,4.46,2.90,1.83,1.30
21/05/2023,  136.433 ,0,0,0,1,02.04,3.69,3.19,2.93,1.52,2.57,03.05
22/05/2023,  148.527 ,0,0,0,1,2.48,4.65,2.71,2.86,3.93,1.42,2.39
23/05/2023,  150.380 ,4200,101,18,1,2.67,4.71,2.51,3.98,2.74,4.74,2.65
24/05/2023,  150.360 ,4200,101,18,1,2.58,1.85,3.77,2.41,03.06,3.40,3.39
25/05/2023,  153.693 ,15200,761,94,1,1.65,2.84,3.78,3.00,4.54,4.32,4.51
26/05/2023,  163.840 ,4200,101,18,1,1.42,2.14,4.24,2.59,5.33,2.46,3.69
27/05/2023,  173.987 ,6500,222,38,1,0.59,3.21,3.97,3.75,3.63,04.03,1.96
28/05/2023,  160.873 ,4200,101,18,1,2.38,4.64,2.36,1.72,4.35,2.32,3.17
29/05/2023,  146.003 ,4200,101,18,1,02.08,02.05,2.90,3.39,3.59,3.78,5.66
30/05/2023,  150.147 ,4200,101,18,1,2.58,04.08,2.36,4.99,3.62,1.20,2.23
31/05/2023,  154.773 ,4200,101,18,1,1.75,4.77,3.20,3.21,01.01,3.67,5.74
01/06/2023,  146.323 ,0,0,0,1,2.27,3.86,3.11,3.79,2.16,5.34,3.63
02/06/2023,  152.857 ,0,0,0,1,1.47,4.67,3.88,05.09,2.94,3.55,03.01
03/06/2023,  138.393 ,0,0,0,1,1.49,3.76,3.77,3.50,2.36,2.35,0.94
04/06/2023,  141.400 ,0,0,0,1,1.16,3.40,4.61,2.41,3.47,1.73,3.25
05/06/2023,  159.793 ,0,0,0,1,2.78,3.00,3.53,3.30,2.88,3.62,4.46
06/06/2023,  166.167 ,0,0,0,1,2.33,4.40,4.96,2.35,1.50,3.33,3.00
07/06/2023,  161.403 ,0,0,0,1,2.53,01.09,3.64,2.42,3.30,5.32,3.22
08/06/2023,  159.053 ,0,0,0,1,2.49,02.02,2.96,04.02,4.20,3.17,03.05
09/06/2023,  167.133 ,0,0,0,1,2.58,3.25,2.92,2.78,3.97,2.68,02.05
10/06/2023,  151.573 ,0,0,0,1,1.91,02.03,2.40,3.33,2.92,2.81,2.33
11/06/2023,  145.577 ,0,0,0,1,3.10,4.50,2.41,03.06,2.45,3.78,3.45
12/06/2023,  142.650 ,0,0,0,1,2.38,4.43,2.95,04.02,3.59,2.45,5.16
13/06/2023,  156.627 ,0,0,0,1,02.04,3.10,2.70,2.19,4.23,3.97,3.57
14/06/2023,  152.240 ,0,0,0,1,2.48,2.94,2.58,2.21,4.15,3.86,1.36
15/06/2023,  160.823 ,0,0,0,1,2.45,1.22,6.83,3.71,2.96,3.80,3.60
16/06/2023,  155.730 ,0,0,0,1,0.86,4.48,2.29,05.04,2.99,1.79,3.32
17/06/2023,  168.473 ,0,0,0,1,2.10,02.06,3.12,3.85,2.55,4.41,3.43
18/06/2023,  187.737 ,0,0,0,1,1.97,4.30,1.99,3.14,2.80,3.88,2.71
19/06/2023,  147.387 ,4600,334,34,1,2.93,3.67,04.01,3.47,2.63,5.53,4.36
20/06/2023,  142.940 ,4600,334,34,1,02.03,1.42,3.31,4.31,2.20,4.69,2.98
21/06/2023,  149.313 ,4600,334,34,1,3.46,2.96,2.52,2.79,1.36,2.80,2.20
22/06/2023,  151.953 ,4600,334,34,1,1.42,1.76,3.95,03.04,2.97,2.74,2.40
23/06/2023,  144.467 ,6000,1073,140,1,2.95,4.50,3.53,02.02,3.95,3.98,2.77
24/06/2023,  147.687 ,6000,1073,140,1,2.72,2.89,3.14,1.70,2.96,04.05,2.94
25/06/2023,  148.880 ,6000,1073,140,1,1.54,2.53,3.16,5.35,4.13,3.19,04.05
26/06/2023,  157.780 ,4600,334,34,1,1.53,2.52,3.11,2.45,3.68,4.32,1.22
27/06/2023,  158.457 ,4600,334,34,1,01.04,1.72,4.42,2.33,3.80,5.60,4.58
28/06/2023,  157.493 ,4600,334,34,1,03.02,3.72,3.43,4.32,2.38,4.29,3.24
29/06/2023,  160.777 ,4600,334,34,1,1.41,1.27,3.63,3.43,3.85,1.94,3.70
30/06/2023,  163.323 ,4600,334,34,1,1.57,3.49,4.50,5.92,4.40,3.51,3.95
01/07/2023,  135.563 ,27000,586,154,1,1.93,4.65,2.55,03.06,3.31,5.45,1.33
02/07/2023,  166.680 ,0,0,0,1,1.63,2.64,1.52,2.17,4.44,3.55,4.54
03/07/2023,  110.144 ,0,0,0,1,2.27,2.97,3.18,2.96,3.54,3.23,2.50
04/07/2023,  111.234 ,0,0,0,1,2.40,1.40,03.07,1.51,2.14,4.42,2.84
05/07/2023,  104.881 ,0,0,0,1,03.07,3.67,2.56,4.39,2.64,2.82,3.60
06/07/2023,  128.055 ,0,0,0,1,1.63,3.95,2.56,4.18,4.63,3.28,3.45
07/07/2023,  126.291 ,0,0,0,1,1.77,1.52,3.37,3.75,3.18,4.64,3.86
08/07/2023,  123.345 ,0,0,0,1,3.29,4.49,4.64,3.86,3.85,03.06,1.31
09/07/2023,  184.832 ,0,0,0,1,2.87,4.16,3.94,4.66,2.87,4.51,4.71
10/07/2023,  151.328 ,0,0,0,1,1.67,3.65,4.20,1.82,4.59,5.70,3.74
11/07/2023,  85.711 ,0,0,0,1,2.16,4.20,2.66,4.60,3.37,2.34,4.57
12/07/2023,  132.281 ,0,0,0,0,03.08,04.03,2.85,03.09,2.39,2.82,2.12
13/07/2023,  143.765 ,0,0,0,1,1.32,1.54,1.71,0.93,2.48,4.47,2.87
14/07/2023,  136.738 ,0,0,0,1,2.48,2.74,05.07,3.25,2.13,4.49,1.98
15/07/2023,  188.819 ,0,0,0,1,2.25,2.54,3.35,3.53,3.39,4.31,4.93
16/07/2023,  210.082 ,0,0,0,1,1.63,4.20,2.70,3.17,2.91,2.11,2.53
17/07/2023,  179.441 ,0,0,0,1,2.26,4.73,3.61,3.17,2.26,3.29,2.56
18/07/2023,  173.371 ,0,0,0,1,2.76,4.17,3.86,3.34,2.87,3.30,2.91
19/07/2023,  179.225 ,0,0,0,1,1.39,1.23,3.96,4.41,3.74,07.09,2.52
20/07/2023,  179.748 ,0,0,0,1,2.69,2.16,3.69,3.81,04.06,3.69,3.41
21/07/2023,  188.298 ,0,0,0,1,1.68,4.63,5.44,3.53,2.50,1.55,4.48
22/07/2023,  196.329 ,0,0,0,1,03.04,3.79,5.51,4.24,3.69,2.56,3.48
23/07/2023,  199.505 ,0,0,0,1,2.67,2.25,03.08,3.00,3.55,4.73,1.69
24/07/2023,  140.714 ,0,0,0,1,1.78,3.30,4.22,3.71,03.09,3.40,4.28
25/07/2023,  136.848 ,0,0,0,1,2.14,1.59,4.18,1.91,2.47,4.00,5.22
26/07/2023,  141.565 ,0,0,0,1,2.44,1.97,1.45,4.55,4.71,3.66,4.26
27/07/2023,  138.338 ,0,0,0,1,2.48,4.16,4.57,3.34,2.36,3.52,2.67
28/07/2023,  142.258 ,0,0,0,1,1.37,4.53,4.19,2.86,3.17,4.21,6.56
29/07/2023,  112.273 ,0,0,0,1,1.52,3.52,4.30,01.09,3.74,4.36,3.21
30/07/2023,  145.677 ,0,0,0,1,2.13,02.07,4.86,1.28,4.91,2.95,2.53
31/07/2023,  182.507 ,0,0,0,1,1.68,1.75,2.15,1.61,2.95,2.99,4.21
01/08/2023,  125.161 ,0,0,0,1,1.74,03.03,2.74,3.34,4.49,04.04,2.91
02/08/2023,  139.788 ,0,0,0,1,1.75,2.68,2.51,3.60,2.35,2.43,2.89
03/08/2023,  138.911 ,0,0,0,1,2.39,1.25,3.18,4.00,3.27,3.23,3.18
04/08/2023,  130.548 ,0,0,0,1,2.37,1.80,1.47,3.32,3.89,2.83,2.24
05/08/2023,  117.468 ,0,0,0,1,2.15,1.97,03.08,2.81,3.68,3.94,2.69
06/08/2023,  109.251 ,0,0,0,0,03.06,4.30,02.07,4.00,2.51,1.84,03.03
07/08/2023,  122.231 ,0,0,0,0,1.76,4.13,3.70,3.65,1.80,4.53,1.85
08/08/2023,  122.804 ,0,0,0,1,02.03,4.45,2.91,3.85,2.48,01.04,2.21
09/08/2023,  135.778 ,0,0,0,0,2.16,4.77,02.09,3.99,2.49,0.65,3.90
10/08/2023,  124.454 ,0,0,0,0,1.83,1.92,03.08,03.07,2.27,3.46,2.40
11/08/2023,  131.974 ,0,0,0,1,2.17,2.80,1.83,2.29,3.36,2.55,4.99
12/08/2023,  103.504 ,0,0,0,1,1.54,2.74,3.94,2.27,2.15,2.82,3.98
13/08/2023,  78.834 ,0,0,0,1,1.29,04.07,3.76,4.78,3.31,2.62,3.53
14/08/2023,  75.147 ,0,0,0,1,1.33,1.57,4.96,0.01,4.43,4.24,3.23
15/08/2023,  68.171 ,0,0,0,1,1.96,2.46,2.72,04.01,4.35,3.78,3.34
16/08/2023,  63.687 ,0,0,0,1,2.00,2.40,4.83,2.19,3.21,2.61,3.32
17/08/2023,  72.314 ,0,0,0,1,2.35,1.93,3.12,3.58,2.16,6.53,2.24
18/08/2023,  114.767 ,0,0,0,1,2.90,03.05,3.99,5.28,1.64,3.28,3.91
19/08/2023,  129.424 ,0,0,0,1,1.64,3.39,3.43,05.01,03.04,4.45,03.07
20/08/2023,  118.038 ,0,0,0,1,3.56,4.65,3.70,1.51,3.61,5.32,2.71
21/08/2023,  127.554 ,0,0,0,1,2.47,3.12,2.63,3.24,3.10,03.09,4.16
22/08/2023,  94.421 ,0,0,0,1,1.66,01.06,5.36,03.08,3.64,5.42,5.00
23/08/2023,  122.191 ,0,0,0,1,1.80,02.08,3.21,3.55,2.95,3.44,04.03
24/08/2023,  117.417 ,0,0,0,0,2.55,4.61,2.70,2.75,04.01,4.26,3.97
25/08/2023,  105.621 ,0,0,0,1,1.78,1.12,3.73,4.66,3.71,2.39,02.08
26/08/2023,  78.931 ,0,0,0,1,2.48,1.76,4.14,3.34,3.85,4.26,3.79
27/08/2023,  137.527 ,0,0,0,1,2.52,2.33,2.95,03.05,2.66,2.82,2.31
28/08/2023,  170.877 ,0,0,0,1,1.63,3.55,4.23,3.86,4.71,3.96,3.55
29/08/2023,  166.438 ,18500,1300,157,1,2.76,04.08,3.50,4.99,4.12,3.20,1.97
30/08/2023,  163.141 ,0,0,0,1,2.39,1.16,3.73,2.15,2.45,03.09,4.34
31/08/2023,  185.705 ,0,0,0,1,1.98,4.57,3.77,2.26,2.90,2.84,2.26
01/09/2023,  150.514 ,0,0,0,1,2.40,2.98,3.13,3.55,4.71,2.52,1.76
02/09/2023,  257.167 ,0,0,0,1,1.35,1.20,4.58,3.45,3.16,2.18,3.19
03/09/2023,  236.562 ,0,0,0,1,2.33,2.37,2.89,0.88,2.96,5.44,3.85
04/09/2023,  212.739 ,0,0,0,1,3.12,3.65,4.86,3.79,3.15,3.85,3.18
05/09/2023,  194.088 ,0,0,0,1,1.75,3.14,4.57,2.71,1.76,3.89,4.38
06/09/2023,  179.020 ,0,0,0,1,2.33,4.41,1.88,3.87,2.47,03.05,1.88
07/09/2023,  192.116 ,0,0,0,1,2.25,4.41,5.21,2.28,2.54,2.15,4.37
08/09/2023,  195.501 ,0,0,0,1,2.76,4.41,1.95,3.16,2.82,4.59,2.52
09/09/2023,  229.933 ,0,0,0,1,2.68,3.84,3.82,3.65,1.86,2.68,5.96
10/09/2023,  221.020 ,0,0,0,1,1.97,2.10,4.34,2.29,3.12,02.03,03.01
11/09/2023,  166.572 ,0,0,0,1,1.87,2.38,3.49,3.89,2.19,2.60,02.05
12/09/2023,  174.842 ,0,0,0,1,1.49,2.54,1.59,2.17,4.51,3.26,3.66
13/09/2023,  165.747 ,0,0,0,1,2.18,1.49,2.73,1.29,2.55,4.70,2.67
14/09/2023,  156.864 ,0,0,0,1,2.94,2.41,2.70,1.35,3.13,3.31,2.51
15/09/2023,  182.543 ,0,0,0,1,2.58,4.90,4.41,3.21,3.22,4.28,2.26
16/09/2023,  189.596 ,0,0,0,1,1.86,2.70,3.22,2.96,3.46,4.54,1.22
17/09/2023,  195.597 ,0,0,0,1,1.96,02.09,3.84,3.80,2.82,4.39,4.57
18/09/2023,  164.465 ,0,0,0,1,2.13,4.65,3.39,2.80,1.89,04.07,2.69
19/09/2023,  157.989 ,0,0,0,1,1.39,4.70,1.92,4.57,2.81,3.46,1.69
20/09/2023,  165.441 ,0,0,0,1,2.62,3.54,3.81,3.32,1.99,4.74,3.92
21/09/2023,  158.462 ,0,0,0,1,2.58,4.28,3.88,2.24,1.60,1.93,0.56
22/09/2023,  167.633 ,0,0,0,1,2.65,4.65,2.47,3.63,2.67,4.46,2.67
23/09/2023,  185.520 ,0,0,0,1,01.03,4.68,2.17,1.88,02.02,2.71,3.99
24/09/2023,  194.118 ,0,0,0,1,2.39,1.44,3.95,3.55,3.38,1.60,2.30
25/09/2023,  169.750 ,0,0,0,1,2.82,3.74,2.17,3.79,2.46,3.34,4.47
26/09/2023,  160.900 ,0,0,0,1,2.71,1.58,5.41,3.42,2.97,02.09,3.54
27/09/2023,  171.335 ,0,0,0,1,2.40,3.97,3.58,2.90,3.20,3.73,3.74
28/09/2023,  177.539 ,0,0,0,1,1.90,2.44,1.15,4.16,1.89,2.33,4.20
29/09/2023,  192.601 ,0,0,0,1,2.68,1.29,1.97,3.86,1.87,3.56,4.33
30/09/2023,  190.264 ,0,0,0,1,1.61,3.98,2.82,1.79,3.46,2.66,3.79
01/10/2023,  181.989 ,0,0,0,1,1.92,4.11,2.39,3.43,5.15,6.29,2.92
02/10/2023,  150.032 ,0,0,0,1,1.96,4.90,4.55,5.72,5.12,1.99,3.23
03/10/2023,  165.507 ,0,0,0,1,1.94,1.73,3.86,2.36,4.27,05.04,2.27
04/10/2023,  158.818 ,0,0,0,1,02.01,4.18,3.10,4.52,2.58,4.72,3.26
05/10/2023,  151.295 ,0,0,0,1,1.59,2.41,2.46,4.41,3.40,4.76,2.66
06/10/2023,  153.815 ,0,0,0,1,1.52,3.65,1.32,3.31,2.67,0.92,4.28
07/10/2023,  176.826 ,0,0,0,1,2.75,1.71,1.65,1.78,2.25,2.92,2.70
08/10/2023,  180.788 ,0,0,0,1,02.04,4.94,5.78,02.06,4.54,1.20,03.06
09/10/2023,  149.714 ,0,0,0,1,2.37,4.68,3.36,4.77,1.79,4.00,4.68
10/10/2023,  183.320 ,0,0,0,1,2.28,2.96,4.16,2.00,2.42,5.31,5.98
11/10/2023,  186.070 ,0,0,0,1,2.20,2.90,2.62,3.56,3.48,3.83,03.04
12/10/2023,  187.079 ,0,0,0,1,02.01,2.75,04.05,1.59,3.17,2.14,3.37
13/10/2023,  209.173 ,0,0,0,1,3.42,4.40,3.00,3.89,2.32,2.95,1.57
14/10/2023,  210.302 ,17000,810,189,1,2.29,2.15,3.50,1.99,2.65,2.27,4.71
15/10/2023,  233.481 ,0,0,0,1,1.95,4.16,2.58,4.42,2.83,4.14,3.24
16/10/2023,  178.766 ,0,0,0,1,2.34,4.90,3.62,4.28,1.72,3.77,1.79
17/10/2023,  175.228 ,1400,98,14,1,2.58,3.00,2.63,3.38,2.82,2.64,2.43
18/10/2023,  193.986 ,1400,98,14,1,03.02,3.90,03.03,2.45,2.69,03.04,1.73
19/10/2023,  196.120 ,1400,98,14,1,2.56,4.32,3.40,1.60,3.58,3.99,2.34
20/10/2023,  298.707 ,1400,98,14,1,2.82,01.07,4.36,2.97,03.09,5.46,3.96
21/10/2023,  205.714 ,0,0,0,1,02.08,03.07,3.34,2.93,4.00,4.61,2.63
22/10/2023,  209.866 ,0,0,0,1,0.91,2.99,2.94,2.44,2.93,4.52,4.81
23/10/2023,  183.764 ,0,0,0,1,2.47,1.74,5.22,3.10,3.95,2.54,3.61
24/10/2023,  182.017 ,0,0,0,1,1.95,2.22,4.35,4.71,3.73,4.32,2.12
25/10/2023,  185.829 ,0,0,0,1,2.83,3.96,3.53,2.24,3.56,4.14,2.74
26/10/2023,  193.786 ,0,0,0,1,02.04,1.99,2.56,0.75,3.93,2.25,4.74
27/10/2023,  195.507 ,0,0,0,1,2.60,4.38,04.07,4.45,1.90,3.59,3.24
28/10/2023,  209.608 ,0,0,0,1,1.12,1.60,2.74,2.78,3.90,3.83,1.35
29/10/2023,  219.362 ,0,0,0,1,03.02,4.84,3.39,1.62,3.68,4.17,3.31
30/10/2023,  171.813 ,0,0,0,1,1.85,01.03,2.42,3.68,2.42,3.52,4.76
31/10/2023,  182.373 ,0,0,0,1,2.71,1.55,3.79,3.47,3.65,4.48,3.65
01/11/2023,  191.073 ,0,0,0,1,3.11,02.06,4.67,2.65,2.72,3.17,4.18
02/11/2023,  183.548 ,0,0,0,1,2.39,3.76,5.00,2.93,05.02,5.34,-0.31
03/11/2023,  195.790 ,0,0,0,1,1.87,2.85,2.88,3.36,04.03,3.16,3.23
04/11/2023,  205.583 ,0,0,0,1,02.01,3.29,5.17,2.55,2.36,4.28,4.68
05/11/2023,  208.118 ,0,0,0,1,1.38,1.71,1.83,1.68,3.45,4.23,02.09
06/11/2023,  185.247 ,0,0,0,1,2.18,3.71,1.55,04.02,3.10,6.18,2.71
07/11/2023,  179.911 ,0,0,0,1,3.13,4.96,0.74,2.92,3.55,2.39,3.27
08/11/2023,  188.306 ,0,0,0,1,0.95,3.78,2.33,3.70,02.02,3.70,2.75
09/11/2023,  190.548 ,0,0,0,1,2.68,02.07,3.14,02.06,4.72,4.88,1.78
10/11/2023,  198.049 ,0,0,0,1,02.05,1.54,3.14,2.00,2.37,2.99,3.93
11/11/2023,  205.737 ,0,0,0,1,2.41,2.32,03.01,3.25,03.03,3.98,04.08
12/11/2023,  219.434 ,0,0,0,1,2.27,2.63,2.12,3.65,3.31,3.89,2.26
13/11/2023,  185.279 ,0,0,0,1,1.98,2.29,1.91,3.45,2.94,4.44,2.56
14/11/2023,  190.033 ,0,0,0,1,2.23,4.70,1.17,2.71,3.69,2.14,3.62
15/11/2023,  199.925 ,0,0,0,1,2.70,4.22,3.69,2.86,2.84,4.29,3.65
16/11/2023,  207.223 ,0,0,0,1,2.34,1.30,1.79,2.92,3.75,03.02,5.97
17/11/2023,  228.756 ,0,0,0,1,1.76,1.74,5.29,3.43,3.28,3.59,3.54
18/11/2023,  233.160 ,0,0,0,0,1.39,3.72,3.15,3.51,1.82,4.47,1.91
19/11/2023,  256.207 ,0,0,0,0,02.05,3.26,2.72,2.72,2.87,2.22,3.65
20/11/2023,  245.251 ,0,0,0,1,2.39,1.94,5.18,4.32,3.78,4.80,4.52
21/11/2023,  207.171 ,0,0,0,1,2.87,2.64,3.78,3.14,3.14,3.95,5.98
22/11/2023,  214.712 ,0,0,0,1,1.59,4.15,3.15,3.34,3.48,4.77,2.61
23/11/2023,  223.068 ,0,0,0,1,2.49,04.06,3.83,4.42,3.26,3.29,1.63
24/11/2023,  240.221 ,0,0,0,1,2.44,1.65,2.86,4.52,2.41,2.19,2.30
25/11/2023,  249.584 ,0,0,0,1,0.57,1.49,2.54,3.57,1.40,7.16,02.03
26/11/2023,  250.371 ,0,0,0,1,2.46,4.87,3.69,3.94,04.01,02.02,3.56
27/11/2023,  209.930 ,0,0,0,1,1.40,2.90,3.18,3.30,3.26,5.24,3.72
28/11/2023,  218.526 ,0,0,0,1,1.64,1.87,3.25,1.89,01.02,4.77,4.50
29/11/2023,  217.220 ,0,0,0,1,1.90,4.71,3.32,2.45,1.69,3.60,04.06
30/11/2023,  235.206 ,0,0,0,1,1.81,2.93,3.52,4.15,3.16,04.06,4.53
01/12/2023,  245.255 ,0,0,0,1,2.90,2.50,3.83,4.45,3.81,2.91,3.17
02/12/2023,  271.459 ,0,0,0,1,02.02,1.89,2.53,4.60,3.86,1.53,2.28
03/12/2023,  272.670 ,0,0,0,1,2.57,2.17,4.47,5.39,1.88,2.85,2.96
04/12/2023,  221.212 ,0,0,0,1,2.24,3.00,5.29,3.88,3.12,4.94,4.11
05/12/2023,  223.273 ,0,0,0,1,1.77,1.63,3.66,1.30,2.86,2.75,2.57
06/12/2023,  239.525 ,0,0,0,1,1.28,1.66,3.17,2.83,3.65,04.07,1.19
07/12/2023,  237.927 ,0,0,0,1,2.87,1.44,4.37,02.01,3.12,2.42,4.72
08/12/2023,  252.237 ,0,0,0,1,2.82,02.07,3.53,5.00,04.04,4.79,4.42
09/12/2023,  251.779 ,0,0,0,0,2.11,1.24,2.65,04.07,1.80,3.12,3.70
10/12/2023,  270.296 ,0,0,0,0,2.59,4.85,1.15,3.97,3.90,05.08,3.56
11/12/2023,  209.686 ,0,0,0,0,2.93,4.45,2.90,04.01,2.33,03.09,4.79
12/12/2023,  217.215 ,0,0,0,0,2.22,2.60,04.05,1.96,2.64,4.57,4.75
13/12/2023,  220.300 ,0,0,0,0,1.78,1.88,2.97,2.98,04.08,4.27,03.04
14/12/2023,  225.866 ,0,0,0,0,1.44,3.79,3.24,4.70,3.29,04.06,2.38
15/12/2023,  225.192 ,145,67,4,0,1.82,2.86,2.88,4.33,04.05,3.17,3.43
16/12/2023,  256.057 ,145,67,4,1,1.94,1.39,4.94,3.52,2.81,5.78,3.21
17/12/2023,  274.068 ,145,67,4,1,1.87,4.85,4.57,4.37,3.95,5.18,3.72
18/12/2023,  220.846 ,0,0,0,1,1.81,3.17,04.09,3.15,4.92,2.38,5.00
19/12/2023,  233.683 ,0,0,0,1,2.50,2.54,2.52,3.14,3.56,5.56,4.37
20/12/2023,  239.496 ,0,0,0,1,2.00,3.57,3.64,3.99,03.04,2.29,04.03
21/12/2023,  241.179 ,0,0,0,0,2.73,2.36,3.10,4.78,1.28,3.92,4.51
22/12/2023,  270.953 ,0,0,0,0,2.23,2.91,3.34,4.58,1.69,4.70,2.47
23/12/2023,  281.313 ,0,0,0,0,1.91,1.71,3.75,3.36,2.16,4.59,2.34
24/12/2023,  341.522 ,1900,250,38,0,1.10,2.40,2.72,3.49,1.76,1.82,3.41
25/12/2023,  269.282 ,1900,250,38,0,1.48,03.05,1.73,2.68,4.89,4.57,2.88
26/12/2023,  223.447 ,1900,250,38,0,1.20,4.70,2.81,4.43,5.51,2.48,0.72
27/12/2023,  228.168 ,0,0,0,1,1.81,2.48,4.84,3.42,3.66,2.61,4.26
28/12/2023,  234.885 ,0,0,0,1,1.78,4.15,3.54,04.08,1.19,3.95,2.48
29/12/2023,  271.668 ,0,0,0,1,2.12,1.44,2.78,2.36,02.09,2.82,2.65
30/12/2023,  261.976 ,0,0,0,0,1.33,2.45,2.52,1.95,2.89,2.16,1.22
31/12/2023,  292.211 ,0,0,0,0,2.27,1.18,2.41,3.17,3.30,3.16,3.17
01/01/2024,  395.264 ,0,0,0,0,2.70,4.42,3.23,2.50,2.33,2.60,3.86
02/01/2024,  231.692 ,0,0,0,0,1.93,4.28,4.44,2.81,4.67,3.74,3.13
03/01/2024,  215.687 ,0,0,0,0,1.63,1.35,2.69,03.08,1.72,5.21,3.66
04/01/2024,  206.367 ,0,0,0,0,3.46,1.93,03.05,3.97,2.55,2.41,2.36
05/01/2024,  230.037 ,0,0,0,0,02.06,1.77,3.91,1.81,4.18,4.22,4.68
06/01/2024,  239.815 ,7500,287,66,1,1.68,3.92,1.84,3.21,1.15,2.59,3.60
07/01/2024,  253.699 ,0,0,0,0,1.40,2.45,3.36,2.20,4.26,3.36,2.70
08/01/2024,  195.849 ,0,0,0,0,1.82,3.49,2.55,3.63,2.72,2.12,0.66
09/01/2024,  205.809 ,0,0,0,0,1.63,3.96,03.03,3.45,2.78,2.85,04.07
10/01/2024,  206.708 ,0,0,0,0,1.89,2.56,5.55,2.71,2.94,4.63,3.15
11/01/2024,  211.116 ,0,0,0,0,1.29,01.05,1.46,5.22,4.97,5.26,1.33
12/01/2024,  219.084 ,6400,551,115,0,0.99,3.41,2.97,2.66,2.42,2.88,2.67
13/01/2024,  234.750 ,0,0,0,0,2.21,1.45,2.97,2.33,3.87,3.98,3.13
14/01/2024,  241.474 ,0,0,0,0,1.72,3.68,2.27,2.65,3.62,2.43,4.75
15/01/2024,  198.843 ,1800,334,35,0,2.78,4.85,2.94,3.67,2.54,04.04,3.90
16/01/2024,  193.096 ,1800,334,35,0,02.08,2.43,3.63,2.77,1.97,4.53,3.21
17/01/2024,  194.505 ,1800,334,35,0,3.31,2.80,04.06,3.72,2.86,4.74,2.94
18/01/2024,  185.849 ,0,0,0,0,1.46,4.83,5.14,1.97,03.08,2.92,4.57
19/01/2024,  198.585 ,0,0,0,0,1.56,02.08,4.60,3.36,2.78,3.21,2.94
20/01/2024,  228.914 ,0,0,0,0,1.53,2.27,5.32,3.63,3.42,3.42,1.48
21/01/2024,  249.172 ,2600,308,29,0,02.02,1.39,5.51,2.86,3.75,5.21,3.47
22/01/2024,  231.800 ,0,0,0,0,1.83,3.39,3.51,2.97,3.18,3.25,3.40
23/01/2024,  243.252 ,0,0,0,0,1.97,2.18,3.45,2.80,4.48,2.89,4.27
24/01/2024,  247.282 ,0,0,0,0,1.35,3.54,3.95,3.94,2.60,4.33,3.27
25/01/2024,  252.194 ,0,0,0,0,2.79,1.83,4.95,3.27,3.67,4.37,3.72
26/01/2024,  251.806 ,9600,301,74,0,2.36,1.66,3.72,3.69,3.96,6.40,3.70
27/01/2024,  262.490 ,0,0,0,0,2.45,4.89,03.03,2.17,3.94,5.75,3.70
28/01/2024,  261.928 ,0,0,0,0,2.41,02.01,3.66,2.95,3.23,3.32,3.14
29/01/2024,  214.339 ,0,0,0,0,02.02,2.15,2.10,3.44,3.60,3.69,3.52
30/01/2024,  249.013 ,0,0,0,0,0.84,04.08,4.10,2.61,2.72,2.99,0.57
31/01/2024,  244.371 ,0,0,0,0,2.40,4.51,4.75,03.02,2.52,2.47,2.73
01/02/2024,  252.582 ,0,0,0,0,2.33,1.25,4.24,3.47,3.79,2.20,1.90
02/02/2024,  251.396 ,0,0,0,0,2.77,2.95,03.02,3.43,3.46,4.13,2.71
03/02/2024,  232.122 ,0,0,0,0,1.46,3.80,4.64,2.69,2.46,4.70,2.18
04/02/2024,  222.932 ,0,0,0,0,2.63,2.89,2.34,03.03,02.02,3.37,1.42
05/02/2024,  246.153 ,0,0,0,0,2.28,4.78,3.54,2.16,04.06,2.77,4.36
06/02/2024,  243.050 ,0,0,0,0,2.21,1.13,4.74,2.96,0.98,4.52,3.65
07/02/2024,  255.932 ,0,0,0,0,2.60,1.89,2.38,3.10,3.13,1.13,2.80
08/02/2024,  242.583 ,0,0,0,0,2.35,1.33,4.39,03.06,1.49,04.05,4.11
09/02/2024,  184.026 ,0,0,0,0,0.72,2.64,1.44,06.09,4.00,4.37,2.31
10/02/2024,  293.515 ,0,0,0,0,3.24,4.45,3.83,1.86,1.94,5.38,2.41
11/02/2024,  269.260 ,0,0,0,0,1.38,2.25,3.44,1.95,2.50,4.85,4.21
12/02/2024,  270.782 ,0,0,0,0,1.81,2.30,2.88,1.87,2.66,4.71,2.88
13/02/2024,  290.643 ,0,0,0,0,2.11,4.97,3.25,2.22,3.30,2.31,3.33
14/02/2024,  295.852 ,0,0,0,0,1.65,4.36,2.58,2.84,2.56,4.28,2.14
15/02/2024,  280.056 ,0,0,0,0,1.65,3.40,1.79,3.30,4.55,05.05,3.39
16/02/2024,  274.670 ,0,0,0,0,2.44,3.97,03.01,1.62,3.47,4.43,02.09
17/02/2024,  251.989 ,0,0,0,0,2.28,2.97,3.38,2.67,3.13,4.35,3.67
18/02/2024,  252.979 ,0,0,0,0,1.48,1.77,2.71,3.92,2.79,3.75,3.61
19/02/2024,  247.888 ,0,0,0,0,2.53,2.32,3.46,3.98,3.64,3.12,2.82
20/02/2024,  238.685 ,0,0,0,0,1.85,1.46,2.56,2.45,3.68,3.82,4.75
21/02/2024,  230.343 ,0,0,0,0,2.31,2.18,4.38,2.74,04.08,3.79,1.50
22/02/2024,  227.576 ,0,0,0,0,1.65,2.87,2.68,3.60,1.34,4.65,3.77
23/02/2024,  245.913 ,0,0,0,0,2.82,2.13,2.72,4.17,2.36,3.79,2.72
24/02/2024,  254.159 ,0,0,0,0,2.53,2.10,5.32,4.12,3.64,3.72,2.86
25/02/2024,  274.854 ,0,0,0,0,1.24,3.47,3.34,3.71,4.49,03.02,1.37
26/02/2024,  225.427 ,0,0,0,0,2.40,4.86,2.84,2.57,2.59,5.10,1.96
27/02/2024,  232.710 ,0,0,0,1,2.50,2.91,2.37,3.25,2.35,2.55,3.66
28/02/2024,  234.742 ,0,0,0,0,1.13,3.37,1.86,5.63,2.63,1.97,3.22
29/02/2024,  235.355 ,0,0,0,0,1.73,4.84,03.09,2.92,4.86,4.49,2.51
01/03/2024,  241.829 ,0,0,0,0,2.11,4.30,3.52,4.30,3.76,3.22,1.83
02/03/2024,  251.824 ,0,0,0,0,03.01,2.92,2.10,2.98,0.87,3.11,5.33
03/03/2024,  257.249 ,0,0,0,0,1.71,4.54,4.68,2.40,3.68,3.86,3.32
04/03/2024,  203.235 ,0,0,0,0,2.77,1.83,03.08,3.78,2.67,2.51,2.74
05/03/2024,  203.987 ,0,0,0,0,01.04,3.45,3.84,04.04,3.46,4.64,4.32
06/03/2024,  222.727 ,0,0,0,0,1.32,03.08,4.00,1.90,1.66,2.84,5.30
07/03/2024,  249.613 ,0,0,0,0,2.20,2.78,3.12,06.09,03.09,4.89,4.00
08/03/2024,  378.492 ,2100,137,5,0,2.69,03.02,3.87,3.58,4.24,5.66,3.54
09/03/2024,  250.402 ,0,0,0,0,2.17,2.59,4.27,2.21,03.09,4.21,1.45
10/03/2024,  266.581 ,0,0,0,0,1.88,3.20,2.84,3.20,1.64,5.39,1.94
11/03/2024,  209.217 ,0,0,0,0,1.90,3.96,4.20,3.00,2.70,4.69,3.16
12/03/2024,  207.482 ,0,0,0,0,2.68,4.65,3.28,4.00,1.34,2.40,4.27
13/03/2024,  199.909 ,0,0,0,0,2.81,1.72,1.97,3.97,3.34,3.20,2.77
14/03/2024,  209.362 ,0,0,0,0,3.24,2.98,3.47,2.59,4.49,5.39,3.20
15/03/2024,  218.319 ,0,0,0,0,1.77,2.39,2.97,04.06,3.47,2.71,3.91
16/03/2024,  237.234 ,0,0,0,0,1.55,4.58,3.70,4.12,1.99,5.32,3.22
17/03/2024,  252.399 ,0,0,0,0,03.06,2.31,2.59,3.15,1.31,1.20,3.76
18/03/2024,  198.500 ,0,0,0,0,2.60,03.03,1.50,04.03,3.85,3.89,2.48
19/03/2024,  201.163 ,0,0,0,0,1.59,4.53,3.89,4.91,3.34,4.91,1.27
20/03/2024,  213.685 ,0,0,0,0,2.66,1.33,2.88,3.46,4.75,2.40,2.15
21/03/2024,  209.759 ,0,0,0,0,1.48,4.13,2.80,02.09,1.95,5.13,1.65
22/03/2024,  224.542 ,5600,688,104,0,2.28,4.32,4.13,3.20,1.67,3.26,05.03
23/03/2024,  230.265 ,0,0,0,0,2.96,1.89,2.73,3.25,1.89,1.54,1.94
24/03/2024,  226.130 ,0,0,0,0,1.65,4.83,3.56,04.04,3.45,5.38,3.62
25/03/2024,  181.357 ,0,0,0,0,1.13,4.22,02.01,2.84,2.58,3.71,2.46
26/03/2024,  190.928 ,0,0,0,0,1.85,3.13,2.42,4.23,4.38,4.77,3.46
27/03/2024,  199.144 ,0,0,0,0,1.90,1.42,2.56,5.33,3.76,2.30,04.03
28/03/2024,  198.540 ,991,51,17,1,1.96,4.42,3.74,2.78,3.32,3.57,5.45
29/03/2024,  204.587 ,2391,342,77,0,2.36,1.91,3.56,2.86,3.24,1.87,4.54
30/03/2024,  231.238 ,2391,342,77,0,1.54,04.03,3.36,3.78,1.87,4.65,4.69
31/03/2024,  231.147 ,2391,342,77,0,0.72,4.53,02.05,3.46,1.34,1.20,2.48